{
"sims": 20000,
"champion": {
"Argentina": 0.25595,
"Spain": 0.12295,
"Brazil": 0.1202,
"Japan": 0.0937,
"Colombia": 0.08155,
"England": 0.04955,
"Morocco": 0.04515,
"Ecuador": 0.0394,
"Uruguay": 0.0372,
"Portugal": 0.03275,
"France": 0.03155,
"Australia": 0.01495,
"Belgium": 0.01225,
"Netherlands": 0.009,
"Germany": 0.00895,
"Iran": 0.00675,
"Mexico": 0.0063,
"Canada": 0.0055,
"Paraguay": 0.00415,
"Algeria": 0.0038,
"South Korea": 0.0032,
"Senegal": 0.00295,
"Switzerland": 0.00245,
"United States": 0.0018,
"Croatia": 0.00175,
"Norway": 0.00165,
"Uzbekistan": 0.00075,
"Austria": 0.0007,
"Ivory Coast": 0.00065,
"New Zealand": 0.00055,
"DR Congo": 0.00045,
"Egypt": 0.0004,
"Panama": 0.0003,
"Tunisia": 0.00025,
"Iraq": 0.00015,
"Turkey": 0.0001,
"Saudi Arabia": 0.0001,
"Czech Republic": 5e-05,
"Ghana": 5e-05,
"Jordan": 5e-05,
"Scotland": 5e-05
},
"reach_final": {
"Algeria": 0.0129,
"Argentina": 0.37725,
"Australia": 0.0375,
"Austria": 0.0028,
"Belgium": 0.0317,
"Bosnia and Herzegovina": 0.0,
"Brazil": 0.2437,
"Canada": 0.0171,
"Cape Verde": 5e-05,
"Colombia": 0.15085,
"Croatia": 0.0068,
"Curaçao": 0.0,
"Czech Republic": 0.0003,
"DR Congo": 0.00145,
"Ecuador": 0.088,
"Egypt": 0.00215,
"England": 0.1158,
"France": 0.07375,
"Germany": 0.0267,
"Ghana": 0.00025,
"Haiti": 0.0,
"Iran": 0.0206,
"Iraq": 0.0004,
"Ivory Coast": 0.00365,
"Japan": 0.1716,
"Jordan": 0.00055,
"Mexico": 0.0188,
"Morocco": 0.10565,
"Netherlands": 0.0255,
"New Zealand": 0.0028,
"Norway": 0.00555,
"Panama": 0.00145,
"Paraguay": 0.01265,
"Portugal": 0.077,
"Qatar": 0.0002,
"Saudi Arabia": 0.00065,
"Scotland": 0.0007,
"Senegal": 0.0092,
"South Africa": 0.00015,
"South Korea": 0.01145,
"Spain": 0.24105,
"Sweden": 0.00025,
"Switzerland": 0.0118,
"Tunisia": 0.00085,
"Turkey": 0.0008,
"United States": 0.0075,
"Uruguay": 0.07555,
"Uzbekistan": 0.0046
},
"reach_sf": {
"Algeria": 0.03675,
"Argentina": 0.5463,
"Australia": 0.0981,
"Austria": 0.0115,
"Belgium": 0.09075,
"Bosnia and Herzegovina": 0.0,
"Brazil": 0.4144,
"Canada": 0.04855,
"Cape Verde": 0.00045,
"Colombia": 0.31815,
"Croatia": 0.02535,
"Curaçao": 0.0,
"Czech Republic": 0.0018,
"DR Congo": 0.00615,
"Ecuador": 0.17245,
"Egypt": 0.0083,
"England": 0.23355,
"France": 0.15585,
"Germany": 0.08205,
"Ghana": 0.0013,
"Haiti": 0.0004,
"Iran": 0.05845,
"Iraq": 0.0033,
"Ivory Coast": 0.0134,
"Japan": 0.3549,
"Jordan": 0.00255,
"Mexico": 0.0539,
"Morocco": 0.2103,
"Netherlands": 0.0746,
"New Zealand": 0.012,
"Norway": 0.02325,
"Panama": 0.00645,
"Paraguay": 0.0387,
"Portugal": 0.15435,
"Qatar": 0.00095,
"Saudi Arabia": 0.0039,
"Scotland": 0.00485,
"Senegal": 0.033,
"South Africa": 0.00095,
"South Korea": 0.03825,
"Spain": 0.41205,
"Sweden": 0.00155,
"Switzerland": 0.03845,
"Tunisia": 0.00485,
"Turkey": 0.00385,
"United States": 0.0285,
"Uruguay": 0.15505,
"Uzbekistan": 0.0155
},
"advance": {
"Algeria": 0.7388,
"Argentina": 0.9792,
"Australia": 0.84335,
"Austria": 0.56775,
"Belgium": 0.83735,
"Bosnia and Herzegovina": 0.2799,
"Brazil": 0.9735,
"Canada": 0.95,
"Cape Verde": 0.2226,
"Colombia": 0.9052,
"Croatia": 0.7612,
"Curaçao": 0.15895,
"Czech Republic": 0.5197,
"DR Congo": 0.3835,
"Ecuador": 0.941,
"Egypt": 0.5289,
"England": 0.9434,
"France": 0.9028,
"Germany": 0.9155,
"Ghana": 0.38885,
"Haiti": 0.2669,
"Iran": 0.77445,
"Iraq": 0.4069,
"Ivory Coast": 0.70095,
"Japan": 0.9651,
"Jordan": 0.3397,
"Mexico": 0.91635,
"Morocco": 0.91565,
"Netherlands": 0.85585,
"New Zealand": 0.5726,
"Norway": 0.6871,
"Panama": 0.5782,
"Paraguay": 0.7344,
"Portugal": 0.84425,
"Qatar": 0.5073,
"Saudi Arabia": 0.4574,
"Scotland": 0.45765,
"Senegal": 0.7024,
"South Africa": 0.3967,
"South Korea": 0.86315,
"Spain": 0.97335,
"Sweden": 0.35185,
"Switzerland": 0.9165,
"Tunisia": 0.46185,
"Turkey": 0.4162,
"United States": 0.7516,
"Uruguay": 0.9239,
"Uzbekistan": 0.5203
},
"golden_boot": {
"Neymar": 0.1674,
"Kōki Ogawa": 0.067,
"Lionel Messi": 0.0666,
"Lautaro Martínez": 0.0596,
"Kylian Mbappé": 0.05255,
"Jonathan David": 0.04525,
"Ferran Torres": 0.0405,
"Darwin Núñez": 0.04045,
"Harry Kane": 0.03075,
"Mikel Oyarzabal": 0.0298,
"Vinícius Júnior": 0.02685,
"Raphinha": 0.0266,
"Raúl Jiménez": 0.0239,
"Enner Valencia": 0.0211,
"Luis Suárez": 0.02025,
"Romelu Lukaku": 0.0189,
"Cristiano Ronaldo": 0.01625,
"Breel Embolo": 0.01615,
"Ayoub El Kaabi": 0.01535,
"Ayase Ueda": 0.015
},
"playmaker": {
"Neymar": 0.12885,
"Junya Itō": 0.10685,
"Lionel Messi": 0.08215,
"Raphinha": 0.07285,
"Dani Olmo": 0.03815,
"Kevin De Bruyne": 0.0332,
"Vinícius Júnior": 0.0322,
"James Rodríguez": 0.0265,
"Son Heung-min": 0.0209,
"Memphis Depay": 0.01565,
"Daichi Kamada": 0.0156,
"Rodrigo De Paul": 0.01555,
"Ousmane Dembélé": 0.0154,
"Ferran Torres": 0.0134,
"Ritsu Dōan": 0.0131,
"Breel Embolo": 0.0124,
"Luis Díaz": 0.01235,
"Mikel Oyarzabal": 0.00985,
"Darwin Núñez": 0.0089,
"Félix Torres": 0.0084
},
"exp_goals": {
"Neymar": 3.78435,
"Lionel Messi": 3.3075,
"Lautaro Martínez": 3.2198,
"Kōki Ogawa": 3.06815,
"Kylian Mbappé": 2.8581,
"Ferran Torres": 2.77215,
"Darwin Núñez": 2.63345,
"Harry Kane": 2.63215,
"Mikel Oyarzabal": 2.5604,
"Jonathan David": 2.5401,
"Raphinha": 2.2894,
"Vinícius Júnior": 2.2718,
"Luis Suárez": 2.26545,
"Enner Valencia": 2.13285,
"Julián Alvarez": 2.12655,
"Cristiano Ronaldo": 2.11705,
"Romelu Lukaku": 2.0678,
"Ayase Ueda": 2.04325,
"Raúl Jiménez": 2.04235,
"Erling Haaland": 1.9785,
"Deniz Undav": 1.894,
"Breel Embolo": 1.89155,
"Ayoub El Kaabi": 1.8553,
"Shūto Machino": 1.84705,
"Dani Olmo": 1.8256,
"Christian Pulisic": 1.7351,
"Luis Díaz": 1.72675,
"Cyle Larin": 1.663,
"Memphis Depay": 1.6222,
"Mehdi Taremi": 1.59485
},
"exp_total_goals": 238.97135
}