{
"sims": 20000,
"champion": {
"Argentina": 0.13065,
"Spain": 0.0867,
"Japan": 0.04995,
"England": 0.04905,
"Brazil": 0.04865,
"France": 0.04815,
"Colombia": 0.0435,
"Morocco": 0.04155,
"Portugal": 0.04005,
"Belgium": 0.03405,
"Canada": 0.03095,
"Switzerland": 0.0305,
"Netherlands": 0.03025,
"Germany": 0.02755,
"Mexico": 0.0255,
"Australia": 0.02145,
"Ecuador": 0.021,
"United States": 0.018,
"Croatia": 0.0179,
"Ivory Coast": 0.0177,
"Senegal": 0.01705,
"Iran": 0.01705,
"South Korea": 0.0168,
"Algeria": 0.0164,
"Uruguay": 0.015,
"Norway": 0.015,
"Egypt": 0.0147,
"Austria": 0.01335,
"DR Congo": 0.0097,
"Paraguay": 0.00635,
"Turkey": 0.00545,
"New Zealand": 0.0052,
"Uzbekistan": 0.0043,
"Tunisia": 0.004,
"Scotland": 0.00395,
"Panama": 0.0036,
"South Africa": 0.00305,
"Sweden": 0.00285,
"Ghana": 0.00255,
"Saudi Arabia": 0.00225,
"Czech Republic": 0.00185,
"Cape Verde": 0.0018,
"Jordan": 0.00155,
"Haiti": 0.00125,
"Iraq": 0.0011,
"Curaçao": 0.00035,
"Qatar": 0.00025,
"Bosnia and Herzegovina": 0.00015
},
"reach_final": {
"Algeria": 0.0262,
"Argentina": 0.154,
"Australia": 0.0345,
"Austria": 0.04785,
"Belgium": 0.05115,
"Bosnia and Herzegovina": 0.00085,
"Brazil": 0.06545,
"Canada": 0.0893,
"Cape Verde": 0.01055,
"Colombia": 0.06165,
"Croatia": 0.0585,
"Curaçao": 0.002,
"Czech Republic": 0.0139,
"DR Congo": 0.03595,
"Ecuador": 0.04865,
"Egypt": 0.0532,
"England": 0.0653,
"France": 0.0662,
"Germany": 0.04085,
"Ghana": 0.01465,
"Haiti": 0.00995,
"Iran": 0.02715,
"Iraq": 0.00805,
"Ivory Coast": 0.05765,
"Japan": 0.06505,
"Jordan": 0.01065,
"Mexico": 0.06905,
"Morocco": 0.05795,
"Netherlands": 0.0447,
"New Zealand": 0.0237,
"Norway": 0.0549,
"Panama": 0.02135,
"Paraguay": 0.02855,
"Portugal": 0.0554,
"Qatar": 0.00425,
"Saudi Arabia": 0.0161,
"Scotland": 0.021,
"Senegal": 0.03165,
"South Africa": 0.01855,
"South Korea": 0.05975,
"Spain": 0.1057,
"Sweden": 0.0159,
"Switzerland": 0.08555,
"Tunisia": 0.02155,
"Turkey": 0.026,
"United States": 0.0719,
"Uruguay": 0.0261,
"Uzbekistan": 0.0212
},
"reach_sf": {
"Algeria": 0.0867,
"Argentina": 0.2103,
"Australia": 0.1001,
"Austria": 0.0808,
"Belgium": 0.13175,
"Bosnia and Herzegovina": 0.0088,
"Brazil": 0.1036,
"Canada": 0.13935,
"Cape Verde": 0.03645,
"Colombia": 0.12685,
"Croatia": 0.0901,
"Curaçao": 0.0098,
"Czech Republic": 0.04985,
"DR Congo": 0.07915,
"Ecuador": 0.1032,
"Egypt": 0.08595,
"England": 0.10565,
"France": 0.1051,
"Germany": 0.1234,
"Ghana": 0.0497,
"Haiti": 0.0359,
"Iran": 0.08785,
"Iraq": 0.0299,
"Ivory Coast": 0.09275,
"Japan": 0.1015,
"Jordan": 0.03555,
"Mexico": 0.12005,
"Morocco": 0.0953,
"Netherlands": 0.12475,
"New Zealand": 0.0569,
"Norway": 0.08375,
"Panama": 0.06095,
"Paraguay": 0.06955,
"Portugal": 0.09085,
"Qatar": 0.0187,
"Saudi Arabia": 0.05205,
"Scotland": 0.05925,
"Senegal": 0.0824,
"South Africa": 0.0575,
"South Korea": 0.09245,
"Spain": 0.1507,
"Sweden": 0.048,
"Switzerland": 0.1315,
"Tunisia": 0.05565,
"Turkey": 0.0672,
"United States": 0.1344,
"Uruguay": 0.08305,
"Uzbekistan": 0.055
},
"advance": {
"Algeria": 0.78865,
"Argentina": 0.97145,
"Australia": 0.83155,
"Austria": 0.62185,
"Belgium": 0.8732,
"Bosnia and Herzegovina": 0.28725,
"Brazil": 0.9561,
"Canada": 0.98055,
"Cape Verde": 0.35055,
"Colombia": 0.86185,
"Croatia": 0.77015,
"Curaçao": 0.1936,
"Czech Republic": 0.45395,
"DR Congo": 0.5299,
"Ecuador": 0.82985,
"Egypt": 0.64265,
"England": 0.94225,
"France": 0.94335,
"Germany": 0.93425,
"Ghana": 0.4489,
"Haiti": 0.3206,
"Iran": 0.7646,
"Iraq": 0.27605,
"Ivory Coast": 0.7777,
"Japan": 0.95465,
"Jordan": 0.2872,
"Mexico": 0.94805,
"Morocco": 0.9279,
"Netherlands": 0.8923,
"New Zealand": 0.4416,
"Norway": 0.70095,
"Panama": 0.49685,
"Paraguay": 0.53435,
"Portugal": 0.89085,
"Qatar": 0.38365,
"Saudi Arabia": 0.44625,
"Scotland": 0.4521,
"Senegal": 0.77245,
"South Africa": 0.48265,
"South Korea": 0.7905,
"Spain": 0.9752,
"Sweden": 0.3785,
"Switzerland": 0.9271,
"Tunisia": 0.4287,
"Turkey": 0.48525,
"United States": 0.86385,
"Uruguay": 0.8073,
"Uzbekistan": 0.381
},
"golden_boot": {
"Jonathan David": 0.13035,
"Kylian Mbappé": 0.06775,
"Raúl Jiménez": 0.0519,
"Erling Haaland": 0.05025,
"Christian Pulisic": 0.0481,
"Neymar": 0.04165,
"Breel Embolo": 0.03835,
"Romelu Lukaku": 0.0332,
"Cyle Larin": 0.0301,
"Kōki Ogawa": 0.0257,
"Deniz Undav": 0.0235,
"Lionel Messi": 0.022,
"Harry Kane": 0.0207,
"Lautaro Martínez": 0.01945,
"Mohamed Salah": 0.0193,
"Memphis Depay": 0.0184,
"Patrik Schick": 0.01735,
"Cristiano Ronaldo": 0.0157,
"Ferran Torres": 0.01475,
"Darwin Núñez": 0.01095
},
"playmaker": {
"Kevin De Bruyne": 0.05435,
"Junya Itō": 0.05015,
"Neymar": 0.0433,
"Memphis Depay": 0.0351,
"Lionel Messi": 0.033,
"Breel Embolo": 0.03215,
"Son Heung-min": 0.0287,
"Raphinha": 0.02485,
"Ousmane Dembélé": 0.0214,
"Dani Olmo": 0.0169,
"Alphonso Davies": 0.0153,
"Rubén Vargas": 0.01475,
"Leroy Sané": 0.01465,
"Christian Pulisic": 0.0146,
"Raúl Jiménez": 0.01455,
"Jonathan David": 0.0141,
"Jonathan Osorio": 0.0138,
"Orbelín Pineda": 0.01345,
"Riyad Mahrez": 0.013,
"James Rodríguez": 0.0123
},
"exp_goals": {
"Jonathan David": 3.2689,
"Kylian Mbappé": 2.968,
"Erling Haaland": 2.4403,
"Christian Pulisic": 2.42255,
"Neymar": 2.34375,
"Raúl Jiménez": 2.3064,
"Harry Kane": 2.20215,
"Romelu Lukaku": 2.1978,
"Breel Embolo": 2.1797,
"Kōki Ogawa": 2.17565,
"Lionel Messi": 2.14505,
"Cyle Larin": 2.13395,
"Lautaro Martínez": 2.0844,
"Deniz Undav": 2.0597,
"Cristiano Ronaldo": 1.92135,
"Memphis Depay": 1.8854,
"Ferran Torres": 1.8384,
"Mikel Oyarzabal": 1.68625,
"Darwin Núñez": 1.68435,
"Mohamed Salah": 1.67125,
"Donyell Malen": 1.64785,
"Mehdi Taremi": 1.61125,
"Marcus Thuram": 1.559,
"Wout Weghorst": 1.54625,
"Luis Suárez": 1.5113,
"Ayoub El Kaabi": 1.5084,
"Sadio Mané": 1.48295,
"Dan Ndoye": 1.4634,
"Ayase Ueda": 1.45235,
"Vinícius Júnior": 1.4177
},
"exp_total_goals": 232.69525
}