{
"sims": 20000,
"champion": {
"Argentina": 0.2086,
"Spain": 0.1646,
"Japan": 0.08825,
"Brazil": 0.0836,
"France": 0.07885,
"Morocco": 0.0731,
"England": 0.06675,
"Portugal": 0.0529,
"Colombia": 0.0355,
"Belgium": 0.0253,
"Netherlands": 0.02055,
"Germany": 0.01585,
"Australia": 0.01315,
"Algeria": 0.00845,
"Iran": 0.0078,
"Uruguay": 0.00755,
"Ecuador": 0.00725,
"Canada": 0.0065,
"Senegal": 0.0062,
"Mexico": 0.00595,
"Switzerland": 0.0045,
"Croatia": 0.0032,
"Norway": 0.0031,
"Ivory Coast": 0.00275,
"Egypt": 0.00215,
"South Korea": 0.00175,
"United States": 0.0013,
"Austria": 0.00125,
"DR Congo": 0.0012,
"New Zealand": 0.00035,
"Turkey": 0.00035,
"Tunisia": 0.00025,
"Paraguay": 0.00025,
"Scotland": 0.0002,
"Uzbekistan": 0.0002,
"Saudi Arabia": 0.0002,
"Czech Republic": 0.0001,
"Jordan": 0.0001,
"Panama": 5e-05,
"Iraq": 5e-05
},
"reach_final": {
"Algeria": 0.0232,
"Argentina": 0.33035,
"Australia": 0.03645,
"Austria": 0.00535,
"Belgium": 0.0581,
"Bosnia and Herzegovina": 0.0,
"Brazil": 0.1596,
"Canada": 0.01915,
"Cape Verde": 5e-05,
"Colombia": 0.0767,
"Croatia": 0.01015,
"Curaçao": 0.0,
"Czech Republic": 0.00035,
"DR Congo": 0.0048,
"Ecuador": 0.01945,
"Egypt": 0.0087,
"England": 0.13565,
"France": 0.1595,
"Germany": 0.0462,
"Ghana": 0.00055,
"Haiti": 0.00015,
"Iran": 0.0255,
"Iraq": 0.0001,
"Ivory Coast": 0.00995,
"Japan": 0.1753,
"Jordan": 0.0002,
"Mexico": 0.0192,
"Morocco": 0.14205,
"Netherlands": 0.0506,
"New Zealand": 0.00135,
"Norway": 0.01025,
"Panama": 0.00045,
"Paraguay": 0.00195,
"Portugal": 0.11125,
"Qatar": 5e-05,
"Saudi Arabia": 0.0006,
"Scotland": 0.0005,
"Senegal": 0.01695,
"South Africa": 0.00035,
"South Korea": 0.00905,
"Spain": 0.2818,
"Sweden": 0.00055,
"Switzerland": 0.0153,
"Tunisia": 0.00075,
"Turkey": 0.00095,
"United States": 0.0061,
"Uruguay": 0.02315,
"Uzbekistan": 0.0013
},
"reach_sf": {
"Algeria": 0.06715,
"Argentina": 0.49305,
"Australia": 0.0931,
"Austria": 0.0181,
"Belgium": 0.12355,
"Bosnia and Herzegovina": 0.0002,
"Brazil": 0.333,
"Canada": 0.0533,
"Cape Verde": 0.00125,
"Colombia": 0.151,
"Croatia": 0.0347,
"Curaçao": 0.00015,
"Czech Republic": 0.00245,
"DR Congo": 0.01445,
"Ecuador": 0.0515,
"Egypt": 0.0255,
"England": 0.25235,
"France": 0.30885,
"Germany": 0.12185,
"Ghana": 0.0036,
"Haiti": 0.0014,
"Iran": 0.0734,
"Iraq": 0.00115,
"Ivory Coast": 0.035,
"Japan": 0.33905,
"Jordan": 0.0022,
"Mexico": 0.04785,
"Morocco": 0.2892,
"Netherlands": 0.12,
"New Zealand": 0.0049,
"Norway": 0.0318,
"Panama": 0.0048,
"Paraguay": 0.0087,
"Portugal": 0.2056,
"Qatar": 0.0004,
"Saudi Arabia": 0.0036,
"Scotland": 0.0038,
"Senegal": 0.0469,
"South Africa": 0.00345,
"South Korea": 0.03215,
"Spain": 0.4459,
"Sweden": 0.00275,
"Switzerland": 0.05125,
"Tunisia": 0.0045,
"Turkey": 0.00475,
"United States": 0.01825,
"Uruguay": 0.06285,
"Uzbekistan": 0.0053
},
"advance": {
"Algeria": 0.78695,
"Argentina": 0.97005,
"Australia": 0.8413,
"Austria": 0.6236,
"Belgium": 0.86955,
"Bosnia and Herzegovina": 0.30595,
"Brazil": 0.9541,
"Canada": 0.96085,
"Cape Verde": 0.3518,
"Colombia": 0.86455,
"Croatia": 0.76695,
"Curaçao": 0.1863,
"Czech Republic": 0.475,
"DR Congo": 0.52565,
"Ecuador": 0.82985,
"Egypt": 0.64585,
"England": 0.94435,
"France": 0.94255,
"Germany": 0.9356,
"Ghana": 0.4528,
"Haiti": 0.3189,
"Iran": 0.76215,
"Iraq": 0.27125,
"Ivory Coast": 0.77235,
"Japan": 0.95235,
"Jordan": 0.2883,
"Mexico": 0.90965,
"Morocco": 0.9229,
"Netherlands": 0.8927,
"New Zealand": 0.4409,
"Norway": 0.69745,
"Panama": 0.49365,
"Paraguay": 0.56715,
"Portugal": 0.89515,
"Qatar": 0.40485,
"Saudi Arabia": 0.4447,
"Scotland": 0.4428,
"Senegal": 0.7701,
"South Africa": 0.51175,
"South Korea": 0.8088,
"Spain": 0.977,
"Sweden": 0.37335,
"Switzerland": 0.9355,
"Tunisia": 0.42265,
"Turkey": 0.5202,
"United States": 0.7957,
"Uruguay": 0.80095,
"Uzbekistan": 0.3732
},
"golden_boot": {
"Kylian Mbappé": 0.1391,
"Neymar": 0.0938,
"Kōki Ogawa": 0.07205,
"Jonathan David": 0.0531,
"Lionel Messi": 0.0493,
"Ferran Torres": 0.0452,
"Lautaro Martínez": 0.0442,
"Harry Kane": 0.0342,
"Romelu Lukaku": 0.03105,
"Mikel Oyarzabal": 0.0307,
"Deniz Undav": 0.0261,
"Cristiano Ronaldo": 0.0249,
"Erling Haaland": 0.0241,
"Ayoub El Kaabi": 0.0198,
"Breel Embolo": 0.01965,
"Raúl Jiménez": 0.01835,
"Memphis Depay": 0.0155,
"Ayase Ueda": 0.01455,
"Vinícius Júnior": 0.0144,
"Raphinha": 0.01405
},
"playmaker": {
"Junya Itō": 0.1092,
"Neymar": 0.0831,
"Lionel Messi": 0.0669,
"Raphinha": 0.0471,
"Kevin De Bruyne": 0.0441,
"Ousmane Dembélé": 0.04115,
"Dani Olmo": 0.0397,
"Memphis Depay": 0.02995,
"Kylian Mbappé": 0.02045,
"Vinícius Júnior": 0.02005,
"Breel Embolo": 0.01875,
"Daichi Kamada": 0.01635,
"Ritsu Dōan": 0.0154,
"Son Heung-min": 0.0145,
"Ferran Torres": 0.01445,
"Leroy Sané": 0.0132,
"Rodrigo De Paul": 0.0129,
"David Raum": 0.0127,
"James Rodríguez": 0.0113,
"Riyad Mahrez": 0.01015
},
"exp_goals": {
"Kylian Mbappé": 3.8007,
"Neymar": 3.08835,
"Lionel Messi": 2.9889,
"Kōki Ogawa": 2.9868,
"Lautaro Martínez": 2.9114,
"Ferran Torres": 2.71495,
"Harry Kane": 2.6856,
"Jonathan David": 2.6102,
"Mikel Oyarzabal": 2.477,
"Cristiano Ronaldo": 2.3912,
"Romelu Lukaku": 2.30785,
"Erling Haaland": 2.22505,
"Deniz Undav": 2.14775,
"Breel Embolo": 2.0269,
"Marcus Thuram": 2.0088,
"Ayase Ueda": 1.97275,
"Julián Alvarez": 1.9417,
"Memphis Depay": 1.93735,
"Ayoub El Kaabi": 1.93485,
"Raphinha": 1.87505,
"Raúl Jiménez": 1.8714,
"Vinícius Júnior": 1.86755,
"Shūto Machino": 1.7952,
"Christian Pulisic": 1.77285,
"Dani Olmo": 1.76525,
"Cyle Larin": 1.70825,
"Donyell Malen": 1.69745,
"Luis Suárez": 1.6693,
"Darwin Núñez": 1.66025,
"Mehdi Taremi": 1.6083
},
"exp_total_goals": 234.30385
}